"Carrier_ID";"carrier_Name"
401;"Fast Express Shipping"
402;"Swift Logistics"
403;"Reliable Couriers"
404;"Speedy Deliveries"
405;"Express Cargo Services"
406;"Quick Ship Couriers"
407;"Rapid Transport Solutions"
408;"Prime Movers"
409;"Pegasus Freight"
410;"AeroSwift Shipping"
411;"Dynamic Delivery Services"
412;"Velocity Logistics"
413;"Pioneer Couriers"
414;"Swift Wings Express"
415;"Elite Shippers"
416;"SwiftStream Logistics"
417;"Metro Express"
418;"JetPack Couriers"
419;"Starlight Shipping"
420;"Flash Freight Services"
