"userID";"Cons_password";"is_prime";"cons_name";"phone_no";"Payment_ID"
1;"pass123";"Yes";"John Doe";1234567890;1
2;"securePass";"No";"Jane Smith";9876543210;2
3;"password123";"Yes";"Bob Johnson";5551234567;3
4;"strongPass";"No";"Alice Williams";8889876543;4
5;"passWord";"Yes";"Charlie Brown";3335557777;5
6;"123456";"No";"Diana Davis";7778889999;6
7;"qwerty";"Yes";"Evan Evans";4446668888;7
8;"adminPass";"No";"Fiona Ford";1112223333;8
9;"letMeIn";"Yes";"George Gardner";6667778888;9
10;"hello123";"No";"Holly Hayes";9990001111;10
11;"pass123";"Yes";"John Doe";1234567890;1
12;"securePass";"No";"Jane Smith";9876543210;2
13;"password123";"Yes";"Bob Johnson";5551234567;3
14;"strongPass";"No";"Alice Williams";8889876543;4
15;"passWord";"Yes";"Charlie Brown";3335557777;5
16;"123456";"No";"Diana Davis";7778889999;6
17;"qwerty";"Yes";"Evan Evans";4446668888;7
18;"adminPass";"No";"Fiona Ford";1112223333;8
19;"letMeIn";"Yes";"George Gardner";6667778888;9
20;"hello123";"No";"Holly Hayes";9990001111;10
21;"userPass";"Yes";"Ursula Underwood";5554443333;41
22;"secret123";"No";"Victor Vance";2221110000;42
23;"pass1234";"Yes";"Wendy White";4443332222;43
24;"qwerty123";"No";"Xander Xavier";7778889999;44
25;"securePass123";"Yes";"Yasmine York";1112223333;45
26;"adminPass123";"No";"Zachary Zane";5554443333;46
27;"password1234";"Yes";"Amy Adams";2221110000;47
28;"letMeIn123";"No";"Brian Brown";4443332222;48
29;"hello1234";"Yes";"Cynthia Carter";7778889999;49
30;"userPass123";"No";"David Davis";1112223333;50
31;"user31pass";"Yes";"User 31";1234567890;1
32;"user32pass";"No";"User 32";9876543210;2
33;"user33pass";"Yes";"User 33";5551234567;3
34;"user34pass";"No";"User 34";8889876543;4
35;"user35pass";"Yes";"User 35";3335557777;5
36;"user36pass";"No";"User 36";7778889999;6
37;"user37pass";"Yes";"User 37";4446668888;7
38;"user38pass";"No";"User 38";1112223333;8
39;"user39pass";"Yes";"User 39";6667778888;9
40;"user40pass";"No";"User 40";9990001111;10
41;"userPass";"Yes";"Ursula Underwood";555444333312;41
42;"secret123";"No";"Victor Vance";222111000012;42
43;"pass1234";"Yes";"Wendy White";444333222212;43
44;"qwerty123";"No";"Xander Xavier";777888999912;44
45;"securePass123";"Yes";"Yasmine York";111222333312;45
46;"adminPass123";"No";"Zachary Zane";555444333312;46
47;"password1234";"Yes";"Amy Adams";222111000012;47
48;"letMeIn123";"No";"Brian Brown";444333222212;48
49;"hello1234";"Yes";"Cynthia Carter";777888999912;49
50;"userPass123";"No";"David Davis";111222333312;50
